"filename", "language", "JavaScript", "JavaScript React", "CSS", "HTML", "JSON", "Markdown", "JSON with Comments", "Draw.io", "comment", "blank", "total"
"/Users/will/projects/blog/README.md", "Markdown", 0, 0, 0, 0, 0, 4, 0, 0, 0, 3, 7
"/Users/will/projects/blog/client/Editor/Editor.js", "JavaScript", 5, 0, 0, 0, 0, 0, 0, 0, 0, 1, 6
"/Users/will/projects/blog/client/components/RootContainer.jsx", "JavaScript React", 0, 15, 0, 0, 0, 0, 0, 0, 0, 1, 16
"/Users/will/projects/blog/client/components/admin/Admin.css", "CSS", 0, 0, 38, 0, 0, 0, 0, 0, 0, 7, 45
"/Users/will/projects/blog/client/components/admin/Admin.jsx", "JavaScript React", 0, 64, 0, 0, 0, 0, 0, 0, 0, 13, 77
"/Users/will/projects/blog/client/components/admin/article/Article.css", "CSS", 0, 0, 24, 0, 0, 0, 0, 0, 0, 4, 28
"/Users/will/projects/blog/client/components/admin/article/Article.jsx", "JavaScript React", 0, 249, 0, 0, 0, 0, 0, 0, 0, 12, 261
"/Users/will/projects/blog/client/components/admin/article/articleEditor/ArticleEditor.css", "CSS", 0, 0, 38, 0, 0, 0, 0, 0, 0, 6, 44
"/Users/will/projects/blog/client/components/admin/article/articleEditor/ArticleEditor.jsx", "JavaScript React", 0, 137, 0, 0, 0, 0, 0, 0, 6, 7, 150
"/Users/will/projects/blog/client/components/admin/dashboard/Dashboard.css", "CSS", 0, 0, 0, 0, 0, 0, 0, 0, 0, 1, 1
"/Users/will/projects/blog/client/components/admin/dashboard/Dashboard.jsx", "JavaScript React", 0, 10, 0, 0, 0, 0, 0, 0, 0, 1, 11
"/Users/will/projects/blog/client/components/admin/homePages/contentPage/ContentPage.css", "CSS", 0, 0, 24, 0, 0, 0, 0, 0, 0, 2, 26
"/Users/will/projects/blog/client/components/admin/homePages/contentPage/ContentPage.jsx", "JavaScript React", 0, 116, 0, 0, 0, 0, 0, 0, 0, 10, 126
"/Users/will/projects/blog/client/components/admin/homePages/contentPageDetail/ContentPageDetail.css", "CSS", 0, 0, 48, 0, 0, 0, 0, 0, 0, 9, 57
"/Users/will/projects/blog/client/components/admin/homePages/contentPageDetail/ContentPageDetail.jsx", "JavaScript React", 0, 319, 0, 0, 0, 0, 0, 0, 0, 20, 339
"/Users/will/projects/blog/client/components/admin/homePages/footerPage/FooterPage.css", "CSS", 0, 0, 57, 0, 0, 0, 0, 0, 0, 9, 66
"/Users/will/projects/blog/client/components/admin/homePages/footerPage/FooterPage.jsx", "JavaScript React", 0, 229, 0, 0, 0, 0, 0, 0, 0, 16, 245
"/Users/will/projects/blog/client/components/admin/homePages/indexPage/IndexPage.css", "CSS", 0, 0, 48, 0, 0, 0, 0, 0, 0, 9, 57
"/Users/will/projects/blog/client/components/admin/homePages/indexPage/IndexPage.jsx", "JavaScript React", 0, 291, 0, 0, 0, 0, 0, 0, 0, 15, 306
"/Users/will/projects/blog/client/components/admin/login/Login.css", "CSS", 0, 0, 73, 0, 0, 0, 0, 0, 0, 9, 82
"/Users/will/projects/blog/client/components/admin/login/Login.jsx", "JavaScript React", 0, 72, 0, 0, 0, 0, 0, 0, 0, 10, 82
"/Users/will/projects/blog/client/components/admin/message/Message.css", "CSS", 0, 0, 0, 0, 0, 0, 0, 0, 0, 1, 1
"/Users/will/projects/blog/client/components/admin/message/Message.jsx", "JavaScript React", 0, 14, 0, 0, 0, 0, 0, 0, 0, 1, 15
"/Users/will/projects/blog/client/components/admin/sideBar/SideBar.jsx", "JavaScript React", 0, 66, 0, 0, 0, 0, 0, 0, 0, 8, 74
"/Users/will/projects/blog/client/components/app/App.css", "CSS", 0, 0, 24, 0, 0, 0, 0, 0, 1, 5, 30
"/Users/will/projects/blog/client/components/app/App.jsx", "JavaScript React", 0, 28, 0, 0, 0, 0, 0, 0, 0, 4, 32
"/Users/will/projects/blog/client/components/articleList/ArticleList.css", "CSS", 0, 0, 29, 0, 0, 0, 0, 0, 2, 4, 35
"/Users/will/projects/blog/client/components/articleList/ArticleList.jsx", "JavaScript React", 0, 135, 0, 0, 0, 0, 0, 0, 0, 10, 145
"/Users/will/projects/blog/client/components/articleList/articleCard/ArticleCard.css", "CSS", 0, 0, 67, 0, 0, 0, 0, 0, 0, 8, 75
"/Users/will/projects/blog/client/components/articleList/articleCard/ArticleCard.jsx", "JavaScript React", 0, 33, 0, 0, 0, 0, 0, 0, 0, 2, 35
"/Users/will/projects/blog/client/components/articleList/sideBar/SideBar.css", "CSS", 0, 0, 48, 0, 0, 0, 0, 0, 0, 10, 58
"/Users/will/projects/blog/client/components/articleList/sideBar/SideBar.jsx", "JavaScript React", 0, 83, 0, 0, 0, 0, 0, 0, 0, 5, 88
"/Users/will/projects/blog/client/components/articlePage/ArticlePage.css", "CSS", 0, 0, 20, 0, 0, 0, 0, 0, 0, 5, 25
"/Users/will/projects/blog/client/components/articlePage/ArticlePage.jsx", "JavaScript React", 0, 63, 0, 0, 0, 0, 0, 0, 1, 8, 72
"/Users/will/projects/blog/client/components/blackBoard/BlackBoard.jsx", "JavaScript React", 0, 13, 0, 0, 0, 0, 0, 0, 0, 1, 14
"/Users/will/projects/blog/client/components/comment/Comment.css", "CSS", 0, 0, 43, 0, 0, 0, 0, 0, 0, 3, 46
"/Users/will/projects/blog/client/components/comment/Comment.jsx", "JavaScript React", 0, 42, 0, 0, 0, 0, 0, 0, 3, 9, 54
"/Users/will/projects/blog/client/components/comment/commentList/CommentItem.css", "CSS", 0, 0, 32, 0, 0, 0, 0, 0, 0, 0, 32
"/Users/will/projects/blog/client/components/comment/commentList/CommentItem.jsx", "JavaScript React", 0, 52, 0, 0, 0, 0, 0, 0, 3, 6, 61
"/Users/will/projects/blog/client/components/comment/commentSubmit/CommentSubmit.css", "CSS", 0, 0, 0, 0, 0, 0, 0, 0, 0, 1, 1
"/Users/will/projects/blog/client/components/comment/commentSubmit/CommentSubmit.jsx", "JavaScript React", 0, 145, 0, 0, 0, 0, 0, 0, 4, 10, 159
"/Users/will/projects/blog/client/components/homepage/HomePage.css", "CSS", 0, 0, 10, 0, 0, 0, 0, 0, 0, 5, 15
"/Users/will/projects/blog/client/components/homepage/HomePage.jsx", "JavaScript React", 0, 76, 0, 0, 0, 0, 0, 0, 0, 9, 85
"/Users/will/projects/blog/client/components/homepage/contentPage/ContentPage.css", "CSS", 0, 0, 39, 0, 0, 0, 0, 0, 4, 3, 46
"/Users/will/projects/blog/client/components/homepage/contentPage/ContentPage.jsx", "JavaScript React", 0, 54, 0, 0, 0, 0, 0, 0, 0, 5, 59
"/Users/will/projects/blog/client/components/homepage/footerPage/FooterPage.css", "CSS", 0, 0, 74, 0, 0, 0, 0, 0, 3, 6, 83
"/Users/will/projects/blog/client/components/homepage/footerPage/FooterPage.jsx", "JavaScript React", 0, 101, 0, 0, 0, 0, 0, 0, 4, 13, 118
"/Users/will/projects/blog/client/components/homepage/indexPage/IndexPage.css", "CSS", 0, 0, 39, 0, 0, 0, 0, 0, 4, 3, 46
"/Users/will/projects/blog/client/components/homepage/indexPage/IndexPage.jsx", "JavaScript React", 0, 54, 0, 0, 0, 0, 0, 0, 0, 5, 59
"/Users/will/projects/blog/client/components/navbar/Navbar.css", "CSS", 0, 0, 26, 0, 0, 0, 0, 0, 0, 2, 28
"/Users/will/projects/blog/client/components/navbar/Navbar.jsx", "JavaScript React", 0, 75, 0, 0, 0, 0, 0, 0, 0, 5, 80
"/Users/will/projects/blog/client/components/navbar/item/Item.css", "CSS", 0, 0, 15, 0, 0, 0, 0, 0, 0, 2, 17
"/Users/will/projects/blog/client/components/navbar/item/Item.jsx", "JavaScript React", 0, 15, 0, 0, 0, 0, 0, 0, 0, 1, 16
"/Users/will/projects/blog/client/global.css", "CSS", 0, 0, 45, 0, 0, 0, 0, 0, 0, 8, 53
"/Users/will/projects/blog/client/global.js", "JavaScript", 15, 0, 0, 0, 0, 0, 0, 0, 2, 3, 20
"/Users/will/projects/blog/client/herald/herald.js", "JavaScript", 51, 0, 0, 0, 0, 0, 0, 0, 0, 5, 56
"/Users/will/projects/blog/client/index.jsx", "JavaScript React", 0, 21, 0, 0, 0, 0, 0, 0, 6, 2, 29
"/Users/will/projects/blog/client/router/Guard.jsx", "JavaScript React", 0, 22, 0, 0, 0, 0, 0, 0, 0, 4, 26
"/Users/will/projects/blog/client/router/interceptor.js", "JavaScript", 7, 0, 0, 0, 0, 0, 0, 0, 0, 2, 9
"/Users/will/projects/blog/client/router/loader.js", "JavaScript", 17, 0, 0, 0, 0, 0, 0, 0, 0, 2, 19
"/Users/will/projects/blog/client/router/redirector.js", "JavaScript", 4, 0, 0, 0, 0, 0, 0, 0, 1, 1, 6
"/Users/will/projects/blog/client/router/routes.js", "JavaScript", 150, 0, 0, 0, 0, 0, 0, 0, 5, 8, 163
"/Users/will/projects/blog/client/store/adminLogin/adminLogin.js", "JavaScript", 32, 0, 0, 0, 0, 0, 0, 0, 0, 3, 35
"/Users/will/projects/blog/client/store/index.js", "JavaScript", 24, 0, 0, 0, 0, 0, 0, 0, 0, 7, 31
"/Users/will/projects/blog/client/store/sideBar/sideBar.js", "JavaScript", 21, 0, 0, 0, 0, 0, 0, 0, 0, 3, 24
"/Users/will/projects/blog/client/store/window/windowReducer.js", "JavaScript", 14, 0, 0, 0, 0, 0, 0, 0, 0, 3, 17
"/Users/will/projects/blog/client/template/index.html", "HTML", 0, 0, 0, 12, 0, 0, 0, 0, 0, 0, 12
"/Users/will/projects/blog/client/util/fontSize2className.js", "JavaScript", 10, 0, 0, 0, 0, 0, 0, 0, 3, 1, 14
"/Users/will/projects/blog/client/util/string2color.js", "JavaScript", 10, 0, 0, 0, 0, 0, 0, 0, 0, 1, 11
"/Users/will/projects/blog/client/util/typeCheck.js", "JavaScript", 10, 0, 0, 0, 0, 0, 0, 0, 0, 1, 11
"/Users/will/projects/blog/comtomFile/quill.snow.css", "CSS", 0, 0, 937, 0, 0, 0, 0, 0, 6, 1, 944
"/Users/will/projects/blog/config/config.js", "JavaScript", 27, 0, 0, 0, 0, 0, 0, 0, 0, 1, 28
"/Users/will/projects/blog/docs/D00-设计.md", "Markdown", 0, 0, 0, 0, 0, 273, 0, 0, 0, 85, 358
"/Users/will/projects/blog/docs/D01-框架搭建.md", "Markdown", 0, 0, 0, 0, 0, 3, 0, 0, 0, 1, 4
"/Users/will/projects/blog/docs/D02-封装React路由.md", "Markdown", 0, 0, 0, 0, 0, 50, 0, 0, 0, 23, 73
"/Users/will/projects/blog/docs/D03-数据表设计.md", "Markdown", 0, 0, 0, 0, 0, 19, 0, 0, 0, 6, 25
"/Users/will/projects/blog/docs/L01-React-router.md", "Markdown", 0, 0, 0, 0, 0, 10, 0, 0, 0, 10, 20
"/Users/will/projects/blog/docs/L02-CSS.md", "Markdown", 0, 0, 0, 0, 0, 172, 0, 0, 0, 66, 238
"/Users/will/projects/blog/docs/L03-Mongo.md", "Markdown", 0, 0, 0, 0, 0, 24, 0, 0, 0, 13, 37
"/Users/will/projects/blog/docs/L04-webpack.md", "Markdown", 0, 0, 0, 0, 0, 42, 0, 0, 0, 19, 61
"/Users/will/projects/blog/docs/PIT-踩坑记录.md", "Markdown", 0, 0, 0, 0, 0, 49, 0, 0, 0, 13, 62
"/Users/will/projects/blog/docs/X01-奇思妙想.md", "Markdown", 0, 0, 0, 0, 0, 13, 0, 0, 0, 3, 16
"/Users/will/projects/blog/graph/AdminAccess.drawio", "Draw.io", 0, 0, 0, 0, 0, 0, 0, 117, 0, 0, 117
"/Users/will/projects/blog/graph/AdminModule.drawio", "Draw.io", 0, 0, 0, 0, 0, 0, 0, 70, 0, 0, 70
"/Users/will/projects/blog/graph/BSarch.drawio", "Draw.io", 0, 0, 0, 0, 0, 0, 0, 63, 0, 0, 63
"/Users/will/projects/blog/graph/ERDigram.drawio", "Draw.io", 0, 0, 0, 0, 0, 0, 0, 297, 0, 0, 297
"/Users/will/projects/blog/graph/SystemModule.drawio", "Draw.io", 0, 0, 0, 0, 0, 0, 0, 71, 0, 0, 71
"/Users/will/projects/blog/graph/sysyemUseCase.drawio", "Draw.io", 0, 0, 0, 0, 0, 0, 0, 144, 0, 0, 144
"/Users/will/projects/blog/index.js", "JavaScript", 1, 0, 0, 0, 0, 0, 0, 0, 0, 4, 5
"/Users/will/projects/blog/jsconfig.json", "JSON with Comments", 0, 0, 0, 0, 0, 0, 8, 0, 6, 0, 14
"/Users/will/projects/blog/nodemon.json", "JSON", 0, 0, 0, 0, 2, 0, 0, 0, 1, 0, 3
"/Users/will/projects/blog/package-lock.json", "JSON", 0, 0, 0, 0, 8858, 0, 0, 0, 0, 1, 8859
"/Users/will/projects/blog/package.json", "JSON", 0, 0, 0, 0, 75, 0, 0, 0, 0, 1, 76
"/Users/will/projects/blog/scripts/dbSetup.js", "JavaScript", 42, 0, 0, 0, 0, 0, 0, 0, 3, 4, 49
"/Users/will/projects/blog/scripts/launchApiServer.js", "JavaScript", 24, 0, 0, 0, 0, 0, 0, 0, 11, 6, 41
"/Users/will/projects/blog/scripts/launchStaticServer.js", "JavaScript", 41, 0, 0, 0, 0, 0, 0, 0, 8, 6, 55
"/Users/will/projects/blog/scripts/snowBlog.js", "JavaScript", 2, 0, 0, 0, 0, 0, 0, 0, 0, 0, 2
"/Users/will/projects/blog/server/api/Login.js", "JavaScript", 52, 0, 0, 0, 0, 0, 0, 0, 0, 5, 57
"/Users/will/projects/blog/server/api/admin/Admin.js", "JavaScript", 9, 0, 0, 0, 0, 0, 0, 0, 0, 2, 11
"/Users/will/projects/blog/server/api/admin/Article.js", "JavaScript", 56, 0, 0, 0, 0, 0, 0, 0, 1, 7, 64
"/Users/will/projects/blog/server/api/admin/ArticleEdit.js", "JavaScript", 21, 0, 0, 0, 0, 0, 0, 0, 0, 5, 26
"/Users/will/projects/blog/server/api/admin/Asset.js", "JavaScript", 57, 0, 0, 0, 0, 0, 0, 0, 0, 3, 60
"/Users/will/projects/blog/server/api/admin/Comment.js", "JavaScript", 9, 0, 0, 0, 0, 0, 0, 0, 0, 3, 12
"/Users/will/projects/blog/server/api/admin/PageDetail.js", "JavaScript", 68, 0, 0, 0, 0, 0, 0, 0, 7, 13, 88
"/Users/will/projects/blog/server/api/admin/TextLink.js", "JavaScript", 26, 0, 0, 0, 0, 0, 0, 0, 0, 3, 29
"/Users/will/projects/blog/server/api/open/AllPage.js", "JavaScript", 22, 0, 0, 0, 0, 0, 0, 0, 0, 2, 24
"/Users/will/projects/blog/server/api/open/Article.js", "JavaScript", 26, 0, 0, 0, 0, 0, 0, 0, 0, 3, 29
"/Users/will/projects/blog/server/api/open/ArticleContent.js", "JavaScript", 15, 0, 0, 0, 0, 0, 0, 0, 0, 3, 18
"/Users/will/projects/blog/server/api/open/Comment.js", "JavaScript", 15, 0, 0, 0, 0, 0, 0, 0, 0, 5, 20
"/Users/will/projects/blog/server/api/open/Open.js", "JavaScript", 9, 0, 0, 0, 0, 0, 0, 0, 0, 2, 11
"/Users/will/projects/blog/server/api/open/PageDetail.js", "JavaScript", 28, 0, 0, 0, 0, 0, 0, 0, 0, 3, 31
"/Users/will/projects/blog/server/api/open/Tags.js", "JavaScript", 14, 0, 0, 0, 0, 0, 0, 0, 0, 3, 17
"/Users/will/projects/blog/server/mongo/model/AdminModel.js", "JavaScript", 3, 0, 0, 0, 0, 0, 0, 0, 0, 1, 4
"/Users/will/projects/blog/server/mongo/model/ArticleModel.js", "JavaScript", 3, 0, 0, 0, 0, 0, 0, 0, 0, 1, 4
"/Users/will/projects/blog/server/mongo/model/CommentModel.js", "JavaScript", 3, 0, 0, 0, 0, 0, 0, 0, 0, 1, 4
"/Users/will/projects/blog/server/mongo/model/CommentatorModel.js", "JavaScript", 3, 0, 0, 0, 0, 0, 0, 0, 0, 1, 4
"/Users/will/projects/blog/server/mongo/model/IconLinkModel.js", "JavaScript", 0, 0, 0, 0, 0, 0, 0, 0, 0, 1, 1
"/Users/will/projects/blog/server/mongo/model/PageModel.js", "JavaScript", 3, 0, 0, 0, 0, 0, 0, 0, 0, 1, 4
"/Users/will/projects/blog/server/mongo/model/TextLinkModel.js", "JavaScript", 3, 0, 0, 0, 0, 0, 0, 0, 0, 1, 4
"/Users/will/projects/blog/server/mongo/mongo.js", "JavaScript", 11, 0, 0, 0, 0, 0, 0, 0, 0, 5, 16
"/Users/will/projects/blog/server/mongo/schema/AdminSchema.js", "JavaScript", 7, 0, 0, 0, 0, 0, 0, 0, 0, 1, 8
"/Users/will/projects/blog/server/mongo/schema/ArticleSchema.js", "JavaScript", 12, 0, 0, 0, 0, 0, 0, 0, 0, 1, 13
"/Users/will/projects/blog/server/mongo/schema/CommentSchema.js", "JavaScript", 25, 0, 0, 0, 0, 0, 0, 0, 0, 2, 27
"/Users/will/projects/blog/server/mongo/schema/CommentatorSchema.js", "JavaScript", 15, 0, 0, 0, 0, 0, 0, 0, 0, 1, 16
"/Users/will/projects/blog/server/mongo/schema/IconLinkSchema.js", "JavaScript", 0, 0, 0, 0, 0, 0, 0, 0, 0, 1, 1
"/Users/will/projects/blog/server/mongo/schema/PageSchema.js", "JavaScript", 20, 0, 0, 0, 0, 0, 0, 0, 0, 1, 21
"/Users/will/projects/blog/server/mongo/schema/TextLinkSchema.js", "JavaScript", 23, 0, 0, 0, 0, 0, 0, 0, 6, 1, 30
"/Users/will/projects/blog/server/response/response.js", "JavaScript", 11, 0, 0, 0, 0, 0, 0, 0, 8, 0, 19
"/Users/will/projects/blog/server/servers.js", "JavaScript", 33, 0, 0, 0, 0, 0, 0, 0, 3, 4, 40
"/Users/will/projects/blog/server/utils/interceptor.js", "JavaScript", 34, 0, 0, 0, 0, 0, 0, 0, 0, 1, 35
"/Users/will/projects/blog/webpack.common.js", "JavaScript", 87, 0, 0, 0, 0, 0, 0, 0, 9, 2, 98
"/Users/will/projects/blog/webpack.dev.js", "JavaScript", 18, 0, 0, 0, 0, 0, 0, 0, 3, 3, 24
"/Users/will/projects/blog/webpack.prod.js", "JavaScript", 5, 0, 0, 0, 0, 0, 0, 0, 1, 1, 7
"Total", "-", 1253, 2594, 1798, 12, 8935, 659, 8, 762, 125, 735, 16881